John Smith,5,Emma Johnson,Michael Brown,Olivia Williams,William Jones,James Miller
Emma Johnson,3,Charlotte Young,Matthew Scott,David Rodriguez
Michael Brown,9,Olivia Williams,William Jones,Sophia Davis,James Miller,Ava Garcia,David Rodriguez,Isabella Martinez,John Taylor
Olivia Williams,7,William Jones,Sophia Davis,James Miller,Ava Garcia,David Rodriguez,Isabella Martinez,John Taylor
William Jones,2,Sophia Davis,James Miller
Sophia Davis,5,James Miller,Ava Garcia,David Rodriguez,Isabella Martinez,John Taylor
James Miller,1,Ava Garcia
Ava Garcia,4,David Rodriguez,Isabella Martinez,John Taylor,Emily Hernandez
David Rodriguez,6,Isabella Martinez,John Taylor,Emily Hernandez,Charlotte Young,Matthew Scott,Abigail King
Isabella Martinez,8,John Taylor,Emily Hernandez,Charlotte Young,Matthew Scott,Abigail King,Christopher Lee,Harper Adams,Andrew Campbell
John Taylor,3,James Miller,Sophia Davis,William Jones
Emily Hernandez,11,Charlotte Young,Matthew Scott,Abigail King,Christopher Lee,Harper Adams,Andrew Campbell,Elizabeth Hill,Joseph Turner,Ella Mitchell,Ryan Baker,Madison Carter
Daniel Moore,8,Charlotte Young,Matthew Scott,Abigail King,Christopher Lee,Harper Adams,Andrew Campbell,Elizabeth Hill,Joseph Turner
Charlotte Young,3,Matthew Scott,Abigail King,Christopher Lee
Matthew Scott,12,Abigail King,Christopher Lee,Harper Adams,Andrew Campbell,Elizabeth Hill,Joseph Turner,Ella Mitchell,Ryan Baker,Madison Carter,Nicholas Perez,Amelia Rivera,Tyler Ward
Abigail King,10,Christopher Lee,Harper Adams,Andrew Campbell,Elizabeth Hill,Joseph Turner,Ella Mitchell,Ryan Baker,Madison Carter,Nicholas Perez,Amelia Rivera
Christopher Lee,4,Charlotte Young,Matthew Scott,Abigail King,Harper Adams
Harper Adams,7,Andrew Campbell,Elizabeth Hill,Joseph Turner,Ella Mitchell,Ryan Baker,Madison Carter,Nicholas Perez
Andrew Campbell,4,Elizabeth Hill,Joseph Turner,Ella Mitchell
Elizabeth Hill,5,Joseph Turner,Ella Mitchell,Ryan Baker,Madison Carter
Joseph Turner,2,Ella Mitchell,Ryan Baker
Ella Mitchell,6,Ryan Baker,Madison Carter,Nicholas Perez,Amelia Rivera,Tyler Ward
Ryan Baker,4,Madison Carter,Nicholas Perez,Amelia Rivera
Madison Carter,3,Nicholas Perez,Amelia Rivera,Tyler Ward
Nicholas Perez,2,Amelia Rivera,Tyler Ward
Amelia Rivera,5,Tyler Ward,Samantha Torres,Brandon Cooper,Victoria Lopez,William Reed
Tyler Ward,10,Samantha Torres,Brandon Cooper,Victoria Lopez,William Reed,Avery Bailey,Jack Coleman,Scarlett Wright,Jackson Nelson,Lily Gonzales,David Stewart
Samantha Torres,1,Brandon Cooper
Brandon Cooper,5,Victoria Lopez,William Reed,Avery Bailey,Jack Coleman,Scarlett Wright
Victoria Lopez,7,William Reed,Avery Bailey,Jack Coleman,Scarlett Wright,Jackson Nelson,Lily Gonzales
William Reed,5,Avery Bailey,Jack Coleman,Scarlett Wright,Jackson Nelson,Lily Gonzales
Avery Bailey,3,Jack Coleman,Scarlett Wright,Jackson Nelson
Jack Coleman,2,Scarlett Wright,Jackson Nelson
Scarlett Wright,9,Jackson Nelson,Lily Gonzales,David Stewart,Aria Hughes,Samuel Evans,Grace Rogers,Dylan Price,Chloe Foster
Jackson Nelson,2,Amelia Rivera,Victoria Lopez
Lily Gonzales,7,David Stewart,Aria Hughes,Samuel Evans,Grace Rogers,Dylan Price,Chloe Foster
David Stewart,10,Aria Hughes,Samuel Evans,Grace Rogers,Dylan Price,Chloe Foster,Nathan Perry,Zoe Ramirez,Logan Watson,Hannah Howard,Caleb Bennett
Aria Hughes,5,Samuel Evans,Grace Rogers,Dylan Price,Chloe Foster
Samuel Evans,3,Grace Rogers,Dylan Price,Chloe Foster
Grace Rogers,1,Dylan Price
Dylan Price,5,Chloe Foster,Nathan Perry,Zoe Ramirez,Logan Watson
Chloe Foster,7,Nathan Perry,Zoe Ramirez,Logan Watson,Hannah Howard,Caleb Bennett,Natalie Gray,Jordan Simmons
Nathan Perry,5,Ryan Baker,Emily Hernandez,Olivia Williams,Emma Johnson,David Rodriguez
Zoe Ramirez,3,Logan Watson,Hannah Howard,Caleb Bennett
Logan Watson,2,Hannah Howard,Caleb Bennett
Hannah Howard,2,Caleb Bennett,Natalie Gray
Caleb Bennett,1,Natalie Gray
Natalie Gray,1,Jordan Simmons
Jordan Simmons,1,Dylan Price
Bella Kelly,4,John Smith,Emma Johnson,Michael Brown,Olivia Williams
Alexa Collins,3,Daniel Moore,Charlotte Young,Matthew Scott
Brandon King,4,Emily Hernandez,David Rodriguez,James Miller,Olivia Williams
Sophie Roberts,2,Isabella Martinez,John Taylor
Michael Green,6,Charlotte Young,Matthew Scott,Daniel Moore,Emily Hernandez,Andrew Campbell,Harper Adams
Hannah Scott,3,Olivia Williams,James Miller,Emma Johnson
Mason Adams,5,Ava Garcia,David Rodriguez,Isabella Martinez,Michael Brown,John Smith
Chloe Taylor,4,James Miller,Emma Johnson,Charlotte Young,Matthew Scott
Ella Martinez,7,Olivia Williams,William Jones,Sophia Davis,Michael Brown,David Rodriguez,John Taylor
Oliver White,6,Michael Green,Daniel Moore,Emily Hernandez,Andrew Campbell,Harper Adams
Sophia Jackson,3,Elizabeth Hill,Joseph Turner,Ella Mitchell
Lucas Martin,5,Avery Bailey,Jack Coleman,Scarlett Wright,Victoria Lopez,William Reed
Amelia Harris,4,Jackson Nelson,Lily Gonzales,David Stewart,Aria Hughes
Aiden Clark,2,Samuel Evans,Grace Rogers
Zoe Allen,6,Dylan Price,Chloe Foster,Nathan Perry,Zoe Ramirez,Logan Watson,Hannah Howard
Mia Lewis,5,Natalie Gray,Jordan Simmons,Bella Kelly,John Smith,Emma Johnson
Benjamin Walker,3,Daniel Moore,Charlotte Young,Matthew Scott
Liam Hall,4,Olivia Williams,Michael Brown,Sophia Davis,David Rodriguez
Sophie Young,2,Isabella Martinez,John Taylor
Jacob Lee,6,Andrew Campbell,Elizabeth Hill,Joseph Turner,Ella Mitchell,Ryan Baker
Emily King,3,Madison Carter,Nicholas Perez,Amelia Rivera
Nathan Harris,4,Tyler Ward,Samantha Torres,Brandon Cooper,Victoria Lopez
Madison Allen,2,William Reed,Avery Bailey
Jack Wilson,5,Jack Coleman,Scarlett Wright,Jackson Nelson,Lily Gonzales,David Stewart
Grace Young,4,Aria Hughes,Samuel Evans,Grace Rogers,Dylan Price
Ryan Thompson,3,Chloe Foster,Nathan Perry,Zoe Ramirez
Samantha White,2,Logan Watson,Hannah Howard
David King,3,Caleb Bennett,Natalie Gray,Jordan Simmons
Sophia Miller,1,Bella Kelly
Lucas Davis,7,John Smith,Emma Johnson,Michael Brown,Olivia Williams,William Jones,James Miller,Ava Garcia
Amelia Green,6,David Rodriguez,Isabella Martinez,John Taylor,Emily Hernandez,Daniel Moore
Charlotte Hernandez,3,Charlotte Young,Matthew Scott,Abigail King
Matthew Brown,12,Christopher Lee,Harper Adams,Andrew Campbell,Elizabeth Hill,Joseph Turner,Ella Mitchell,Ryan Baker,Madison Carter,Nicholas Perez,Amelia Rivera,Tyler Ward
Ava Martinez,10,Harper Adams,Andrew Campbell,Elizabeth Hill,Joseph Turner,Ella Mitchell,Ryan Baker,Madison Carter,Nicholas Perez,Amelia Rivera
William Wilson,4,Michael Green,Emily Hernandez,Ryan Jackson,Zoe White
Harper Taylor,7,Elizabeth Hill,Joseph Turner,Ella Mitchell,Ryan Baker,Madison Carter,Nicholas Perez
Andrew Harris,4,Joseph Turner,Ella Mitchell,Ryan Baker
Elizabeth Lee,5,Ella Mitchell,Ryan Baker,Madison Carter,Nicholas Perez
Joseph Anderson,2,Ryan Baker,Madison Carter
Ella Thomas,6,Nicholas Perez,Amelia Rivera,Tyler Ward,Samantha Torres,Brandon Cooper
Ryan Jackson,4,Victoria Lopez,William Reed,Avery Bailey,Jack Coleman
Madison White,3,Scarlett Wright,Jackson Nelson,Lily Gonzales
Nicholas Harris,2,David Stewart,Aria Hughes
Amelia Allen,5,Samuel Evans,Grace Rogers,Dylan Price,Chloe Foster
Tyler Clark,10,Nathan Perry,Zoe Ramirez,Logan Watson,Hannah Howard,Caleb Bennett,Natalie Gray,Jordan Simmons,Bella Kelly,John Smith
Samantha Walker,1,Emma Johnson
Brandon White,5,Michael Brown,Olivia Williams,William Jones,James Miller
Victoria Clark,7,Ava Garcia,David Rodriguez,Isabella Martinez,John Taylor,Emily Hernandez
William Young,5,Daniel Moore,Charlotte Young,Matthew Scott,Abigail King,Christopher Lee
Avery Taylor,3,Harper Adams,Andrew Campbell,Elizabeth Hill
Jack Hernandez,2,Joseph Turner,Ella Mitchell
Scarlett Martinez,9,Ryan Baker,Madison Carter,Nicholas Perez,Amelia Rivera,Tyler Ward
Jackson Walker,3,Amelia Harris,Lucas Davis,Jack Wilson
Lily Brown,7,Samantha Torres,Brandon Cooper,Victoria Lopez,William Reed,Avery Bailey
David Martinez,10,Jack Coleman,Scarlett Wright,Jackson Nelson,Lily Gonzales
Aria Wilson,5,David Stewart,Aria Hughes,Samuel Evans,Grace Rogers
Samuel Lewis,3,Dylan Price,Chloe Foster,Nathan Perry
Grace Hall,1,Zoe Ramirez
Dylan Young,5,Logan Watson,Hannah Howard,Caleb Bennett
Chloe Lee,7,Natalie Gray,Jordan Simmons,Bella Kelly,John Smith,Emma Johnson,Michael Brown
Nathan Taylor,2,Brandon King,Chloe Taylor
Zoe White,3,Olivia Williams,William Jones
Logan Martin,2,David Rodriguez,Isabella Martinez
Hannah Davis,2,Emily Hernandez,Daniel Moore
Caleb Scott,1,Charlotte Young
Natalie King,1,Matthew Scott
Jordan Miller,5,Victoria Clark,Mason Adams,Lucas Martin,Amelia Allen,Samuel Lewis
Bella Clark,4,Abigail King,Christopher Lee,Harper Adams,Andrew Campbell
John Lee,6,Elizabeth Hill,Joseph Turner,Ella Mitchell,Ryan Baker,Madison Carter
Emma Davis,3,Nicholas Perez,Amelia Rivera,Tyler Ward
Michael Taylor,4,Samantha Torres,Brandon Cooper,Victoria Lopez
Olivia Scott,2,William Reed,Avery Bailey
William Harris,5,Jack Coleman,Scarlett Wright,Jackson Nelson,Lily Gonzales
James Allen,4,David Stewart,Aria Hughes,Samuel Evans
Sophia Martin,2,Grace Rogers,Dylan Price
Ava Thomas,6,Chloe Foster,Nathan Perry,Zoe Ramirez,Logan Watson
Isabella Lee,5,Hannah Howard,Caleb Bennett,Natalie Gray,Jordan Simmons
John Thompson,3,Bella Kelly,John Smith,Emma Johnson
Emily White,4,Michael Brown,Olivia Williams,William Jones
Daniel Wilson,4,James Miller,Ava Garcia,David Rodriguez,Isabella Martinez
Charlotte Martin,3,John Taylor,Emily Hernandez,Daniel Moore
Matthew Allen,12,Charlotte Young,Matthew Scott,Abigail King,Christopher Lee,Harper Adams,Andrew Campbell,Elizabeth Hill,Joseph Turner,Ella Mitchell,Ryan Baker,Madison Carter
Abigail Taylor,10,Christopher Lee,Harper Adams,Andrew Campbell,Elizabeth Hill,Joseph Turner,Ella Mitchell,Ryan Baker,Madison Carter,Nicholas Perez,Amelia Rivera
Christopher Hall,3,John Lee,Benjamin Walker,Avery Taylor
Harper Anderson,7,Elizabeth Hill,Joseph Turner,Ella Mitchell,Ryan Baker,Madison Carter,Nicholas Perez
Andrew Wilson,4,Ryan Baker,Madison Carter,Nicholas Perez
Elizabeth Martin,5,Joseph Turner,Ella Mitchell,Ryan Baker,Madison Carter
Joseph Harris,2,Ella Mitchell,Ryan Baker
Ella Thompson,6,Ryan Baker,Madison Carter,Nicholas Perez,Amelia Rivera,Tyler Ward
Ryan Scott,4,Madison Carter,Nicholas Perez,Amelia Rivera
Madison Walker,3,Nicholas Perez,Amelia Rivera,Tyler Ward
Nicholas Taylor,2,Amelia Rivera,Tyler Ward
Amelia Thompson,5,Tyler Ward,Samantha Torres,Brandon Cooper,Victoria Lopez,William Reed
Tyler Adams,10,Samantha Torres,Brandon Cooper,Victoria Lopez,William Reed,Avery Bailey,Jack Coleman,Scarlett Wright,Jackson Nelson,Lily Gonzales,David Stewart
Samantha Davis,1,Brandon Cooper
Brandon Martinez,5,Victoria Lopez,William Reed,Avery Bailey,Jack Coleman,Scarlett Wright
Victoria Thompson,7,William Reed,Avery Bailey,Jack Coleman,Scarlett Wright,Jackson Nelson,Lily Gonzales
William Lewis,5,Avery Bailey,Jack Coleman,Scarlett Wright,Jackson Nelson,Lily Gonzales
Avery Walker,3,Jack Coleman,Scarlett Wright,Jackson Nelson
Jack Scott,2,Scarlett Wright,Jackson Nelson
Scarlett Anderson,9,Jackson Nelson,Lily Gonzales,David Stewart,Aria Hughes,Samuel Evans,Grace Rogers,Dylan Price,Chloe Foster
Jackson White,5,Ava Martinez,Aiden Clark,Sophie Roberts,Mia Lewis,Lucas Martin
Lily Walker,7,David Stewart,Aria Hughes,Samuel Evans,Grace Rogers,Dylan Price,Chloe Foster
David Adams,10,Aria Hughes,Samuel Evans,Grace Rogers,Dylan Price,Chloe Foster,Nathan Perry,Zoe Ramirez,Logan Watson,Hannah Howard,Caleb Bennett
Aria Smith,5,Samuel Evans,Grace Rogers,Dylan Price,Chloe Foster
Samuel Hall,3,Grace Rogers,Dylan Price,Chloe Foster
Grace Adams,1,Dylan Price
Dylan Harris,5,Chloe Foster,Nathan Perry,Zoe Ramirez,Logan Watson
Chloe Thompson,7,Nathan Perry,Zoe Ramirez,Logan Watson,Hannah Howard,Caleb Bennett,Natalie Gray,Jordan Simmons
Nathan Wilson,5,Ava Martinez,Aiden Clark,Sophie Roberts,Mia Lewis,Lucas Martin
Zoe Adams,3,Logan Watson,Hannah Howard,Caleb Bennett
Logan Lee,2,Hannah Howard,Caleb Bennett
Hannah Taylor,2,Caleb Bennett,Natalie Gray
Caleb White,1,Natalie Gray
Natalie Scott,1,Jordan Simmons
Jordan Davis,3,Amelia Harris,Benjamin Walker,Mia Lewis
Bella Harris,4,Bella Kelly,John Smith,Emma Johnson,Michael Brown
Sophia Evans,5,Grace Rogers,Dylan Price,Chloe Foster,Nathan Perry,Zoe Ramirez
Benjamin Johnson,2,Matthew Scott,Abigail King
Ava Brown,7,Andrew Campbell,Elizabeth Hill,Joseph Turner,Ella Mitchell,Ryan Baker,Madison Carter,Nicholas Perez
Isabella Davis,4,Samantha Torres,Brandon Cooper,Victoria Lopez,William Reed
Mia Martinez,6,Harper Adams,Andrew Campbell,Elizabeth Hill,Joseph Turner,Ella Mitchell,Ryan Baker
Lucas Smith,3,Madison Carter,Nicholas Perez,Amelia Rivera
Charlotte Lee,5,Tyler Ward,Samantha Torres,Brandon Cooper,Victoria Lopez
Oliver Brown,1,Jackson Nelson
Emma Johnson,8,William Reed,Avery Bailey,Jack Coleman,Scarlett Wright,Jackson Nelson,Lily Gonzales,David Stewart,Aria Hughes
Liam Green,10,Samuel Evans,Grace Rogers,Dylan Price,Chloe Foster,Nathan Perry,Zoe Ramirez,Logan Watson,Hannah Howard,Caleb Bennett
Ava Lewis,3,John Taylor,Emily Hernandez,Daniel Moore
Amelia Clark,2,Matthew Scott,Abigail King
Sophie Taylor,1,Christopher Lee
Lucas Johnson,3,Ella Mitchell,Ryan Baker,Madison Carter
Oliver Lee,2,Chloe Taylor,Emily Scott
Sophia Taylor,7,Amelia Rivera,Tyler Ward,Samantha Torres,Brandon Cooper,Victoria Lopez,William Reed,Avery Bailey
Mia Walker,5,Jack Coleman,Scarlett Wright,Jackson Nelson,Lily Gonzales,David Stewart
Ava Johnson,2,Aria Hughes,Samuel Evans
Isabella Thompson,4,Grace Rogers,Dylan Price,Chloe Foster,Nathan Perry
Benjamin Green,3,Zoe Ramirez,Logan Watson,Hannah Howard
Chloe Johnson,3,Isabella Davis,Lucas Smith,Chloe Taylor
Emily Turner,4,Sophia Roberts,Benjamin Johnson,Mia Thompson,Lucas Martin
Ethan Harris,3,Olivia White,Liam Green,Ava Martinez
Grace Wilson,5,Chloe Davis,Jackson Adams,Isabella Clark,Nathan Thompson,Lily Martinez
Daniel Brown,2,Benjamin Green,Emma Turner
Sophia Jackson,1,Oliver Lee
Noah Evans,6,Isabella Thompson,Lucas Johnson,Emily White,Mia Walker,Chloe Johnson,Jackson White
Ava Anderson,3,Liam Scott,Chloe Martin,Ethan Harris
Jacob Martinez,4,Grace Turner,Ethan Harris,Emily Turner,Daniel Brown
Olivia Adams,2,Ethan Harris,Emily Turner
Mia Clark,5,Grace Wilson,Sophia Jackson,Noah Evans,Ava Anderson,Jacob Martinez
Benjamin Thompson,3,Grace Wilson,Daniel Brown,Olivia Adams
Lily Harris,2,Emily White,Mia Walker
Ethan Turner,1,Jacob Martinez
John Wick,0