John Smith,Software Engineer,john.smith@gmail.com
Emma Johnson,Pharmacist,emma.johnson@gmail.com
Michael Brown,Doctor,michael.brown@gmail.com
Olivia Williams,Teacher,olivia.williams@gmail.com
William Jones,Designer,william.jones@gmail.com
Sophia Davis,Engineer,sophia.davis@gmail.com
James Miller,Journalist,james.miller@gmail.com
Ava Garcia,Artist,ava.garcia@gmail.com
David Rodriguez,Nurse,david.rodriguez@gmail.com
Isabella Martinez,Lawyer,isabella.martinez@gmail.com
John Taylor,Politician,john.taylor@gmail.com
Emily Hernandez,Accountant,emily.hernandez@gmail.com
Daniel Moore,Psychologist,daniel.moore@gmail.com
Charlotte Young,Economist,charlotte.young@gmail.com
Matthew Scott,Architect,matthew.scott@gmail.com
Abigail King,Social Worker,abigail.king@gmail.com
Christopher Lee,Investor,christopher.lee@gmail.com
Harper Adams,Software Developer,harper.adams@gmail.com
Andrew Campbell,Musician,andrew.campbell@gmail.com
Elizabeth Hill,Educator,elizabeth.hill@gmail.com
Joseph Turner,Doctor,joseph.turner@gmail.com
Ella Mitchell,Consultant,ella.mitchell@gmail.com
Ryan Baker,Statistician,ryan.baker@gmail.com
Madison Carter,Scientist,madison.carter@gmail.com
Nicholas Perez,Engineer,nicholas.perez@gmail.com
Amelia Rivera,Journalist,amelia.rivera@gmail.com
Tyler Ward,Entrepreneur,tyler.ward@gmail.com
Samantha Torres,Artist,samantha.torres@gmail.com
Brandon Cooper,Artist,brandon.cooper@gmail.com
Victoria Lopez,Lawyer,victoria.lopez@gmail.com
William Reed,Engineer,william.reed@gmail.com
Avery Bailey,Singer,avery.bailey@gmail.com
Jack Coleman,Designer,jack.coleman@gmail.com
Scarlett Wright,Scientist,scarlett.wright@gmail.com
Jackson Nelson,Dancer,jackson.nelson@gmail.com
Lily Gonzales,Doctor,lily.gonzales@gmail.com
David Stewart,Engineer,david.stewart@gmail.com
Aria Hughes,Engineer,aria.hughes@gmail.com
Samuel Evans,Designer,samuel.evans@gmail.com
Grace Rogers,Social Worker,grace.rogers@gmail.com
Dylan Price,Software Developer,dylan.price@gmail.com
Chloe Foster,Artist,chloe.foster@gmail.com
Nathan Perry,Physician,nathan.perry@gmail.com
Zoe Ramirez,Lawyer,zoe.ramirez@gmail.com
Logan Watson,Entrepreneur,logan.watson@gmail.com
Hannah Howard,Software Developer,hannah.howard@gmail.com
Caleb Bennett,Consultant,caleb.bennett@gmail.com
Natalie Gray,Software Engineer,natalie.gray@gmail.com
Jordan Simmons,Investor,jordan.simmons@gmail.com
Bella Kelly,Auditor,bella.kelly@gmail.com
Alexa Collins,Software Engineer,alexacollins@gmail.com
Brandon King,Pharmacist,brandonking@gmail.com
Sophie Roberts,Doctor,sophieroberts@gmail.com
Michael Green,Teacher,michaelgreen@gmail.com
Hannah Scott,Designer,hannahscott@gmail.com
Mason Adams,Engineer,masonadams@gmail.com
Chloe Taylor,Journalist,chloetaylor@gmail.com
Ella Martinez,Artist,ellamartinez@gmail.com
Oliver White,Nurse,oliverwhite@gmail.com
Sophia Jackson,Lawyer,sophiajackson@gmail.com
Lucas Martin,Politician,lucasmartin@gmail.com
Amelia Harris,Accountant,ameliaharris@gmail.com
Aiden Clark,Psychologist,aidenclark@gmail.com
Zoe Allen,Economist,zoeallen@gmail.com
Mia Lewis,Architect,mialewis@gmail.com
Benjamin Walker,Social Worker,benjaminwalker@gmail.com
Liam Hall,Investor,liamhall@gmail.com
Sophie Young,Software Developer,sophieyoung@gmail.com
Jacob Lee,Musician,jacoblee@gmail.com
Emily King,Educator,emilyking@gmail.com
Nathan Harris,Consultant,nathanharris@gmail.com
Madison Allen,Statistician,madisonallen@gmail.com
Jack Wilson,Scientist,jackwilson@gmail.com
Grace Young,Engineer,graceyoung@gmail.com
Ryan Thompson,Artist,ryanthompson@gmail.com
Samantha White,Entrepreneur,samanthawhite@gmail.com
David King,Consultant,davidking@gmail.com
Sophia Miller,Scientist,sophiamiller@gmail.com
Lucas Davis,Journalist,lucasdavis@gmail.com
Amelia Green,Entrepreneur,ameliagreen@gmail.com
Charlotte Hernandez,Engineer,charlottehernandez@gmail.com
Matthew Brown,Engineer,matthewbrown@gmail.com
Ava Martinez,Journalist,avamartinez@gmail.com
William Wilson,Singer,williamwilson@gmail.com
Harper Taylor,Dancer,harpertaylor@gmail.com
Andrew Harris,Doctor,andrewharris@gmail.com
Elizabeth Lee,Lawyer,elizabethlee@gmail.com
Joseph Anderson,Engineer,josephanderson@gmail.com
Ella Thomas,Artist,ellathomas@gmail.com
Ryan Jackson,Lawyer,ryanjackson@gmail.com
Madison White,Doctor,madisonwhite@gmail.com
Nicholas Harris,Social Worker,nicholasharris@gmail.com
Amelia Allen,Engineer,ameliaallen@gmail.com
Tyler Clark,Software Developer,tylerclark@gmail.com
Samantha Walker,Artist,samanthawalker@gmail.com
Brandon White,Lawyer,brandonwhite@gmail.com
Victoria Clark,Engineer,victoriaclark@gmail.com
William Young,Designer,williamyoung@gmail.com
Avery Taylor,Journalist,averytaylor@gmail.com
Jack Hernandez,Consultant,jackhernandez@gmail.com
Scarlett Martinez,Software Engineer,scarlettmartinez@gmail.com
Jackson Walker,Pharmacist,jacksonwalker@gmail.com
Lily Brown,Doctor,lilybrown@gmail.com
David Martinez,Teacher,davidmartinez@gmail.com
Aria Wilson,Designer,ariawilson@gmail.com
Samuel Lewis,Engineer,samuellewis@gmail.com
Grace Hall,Journalist,gracehall@gmail.com
Dylan Young,Artist,dylanyoung@gmail.com
Chloe Lee,Nurse,chlolee@gmail.com
Nathan Taylor,Lawyer,nathantaylor@gmail.com
Zoe White,Politician,zoewhite@gmail.com
Logan Martin,Accountant,loganmartin@gmail.com
Hannah Davis,Psychologist,hannahdavis@gmail.com
Caleb Scott,Economist,calebscott@gmail.com
Natalie King,Architect,natalieking@gmail.com
Jordan Miller,Social Worker,jordanmiller@gmail.com
Bella Clark,Investor,bellaclark@gmail.com
John Lee,Software Developer,johnlee@gmail.com
Emma Davis,Educator,emmadavis@gmail.com
Michael Taylor,Consultant,michaeltaylor@gmail.com
Olivia Scott,Statistician,oliviaseott@gmail.com
William Harris,Scientist,williamharris@gmail.com
James Allen,Software Developer,jamesallen@gmail.com
Sophia Martin,Artist,sophiamartin@gmail.com
Ava Thomas,Entrepreneur,avathomas@gmail.com
Isabella Lee,Consultant,isabellalee@gmail.com
John Thompson,Artist,johnthompson@gmail.com
Emily White,Doctor,emilywhite@gmail.com
Daniel Wilson,Engineer,danielwilson@gmail.com
Charlotte Martin,Journalist,charlottemartin@gmail.com
Matthew Allen,Engineer,matthewallen@gmail.com
Abigail Taylor,Journalist,abigailtaylor@gmail.com
Christopher Hall,Singer,christopherhall@gmail.com
Harper Anderson,Dancer,harperanderson@gmail.com
Andrew Wilson,Doctor,andrewwilson@gmail.com
Elizabeth Martin,Lawyer,elizabethmartin@gmail.com
Joseph Harris,Engineer,josephharris@gmail.com
Ella Thompson,Artist,ellathompson@gmail.com
Ryan Scott,Lawyer,ryanscott@gmail.com
Madison Walker,Doctor,madisonwalker@gmail.com
Nicholas Taylor,Social Worker,nicholastaylor@gmail.com
Amelia Thompson,Engineer,ameliathompson@gmail.com
Tyler Adams,Software Developer,tyleradams@gmail.com
Samantha Davis,Artist,samanthadavis@gmail.com
Brandon Martinez,Lawyer,brandonmartinez@gmail.com
Victoria Thompson,Engineer,victoriathompson@gmail.com
William Lewis,Designer,williamslewis@gmail.com
Avery Walker,Journalist,averywalker@gmail.com
Jack Scott,Auditor,jackscott@gmail.com
Scarlett Anderson,Engineer,scarlettanderson@gmail.com
Jackson White,Fisherman,jacksonwhite@gmail.com
Lily Walker,Farmer,lilywalker@gmail.com
David Adams,Construction Worker,davidadams@gmail.com
Aria Smith,Welder,ariasmith@gmail.com
Samuel Hall,Miner,samuelhall@gmail.com
Grace Adams,Factory Worker,graceadams@gmail.com
Dylan Harris,Electrician,dylanharris@gmail.com
Chloe Thompson,Carpenter,chloethompson@gmail.com
Nathan Wilson,Logger,nathanwilson@gmail.com
Zoe Adams,Blacksmith,zoeadams@gmail.com
Logan Lee,Mechanic,loganlee@gmail.com
Hannah Taylor,Textile Worker,hannahtaylor@gmail.com
Caleb White,Plumber,calebwhite@gmail.com
Natalie Scott,Machine Operator,nataliescott@gmail.com
Jordan Davis,Quarry Worker,jordandavis@gmail.com
Bella Harris,Shipbuilder,bellaharris@gmail.com
Sophia Evans,Metalworker,sophiaevans@gmail.com
Benjamin Johnson,Bricklayer,benjaminjohnson@gmail.com
Ava Brown,Chemical Plant Operator,avabrown@gmail.com
Isabella Davis,Tool and Die Maker,isabelladavis@gmail.com
Mia Martinez,Automotive Assembler,miamartinez@gmail.com
Lucas Smith,Machinist,lucassmith@gmail.com
Charlotte Lee,Steelworker,charlottelee@gmail.com
Oliver Brown,Glassblower,oliverbrown@gmail.com
Emma Johnson,Rubber Worker,emmajohnson@gmail.com
Liam Green,Oil Rig Worker,liamgreen@gmail.com
Ava Lewis,Stonemason,avalewis@gmail.com
Amelia Clark,Assembler,ameliaclark@gmail.com
Sophie Taylor,Packer,sophietaylor@gmail.com
Lucas Walker,Millwright,lucaswalker@gmail.com
Benjamin White,Crane Operator,benjaminwhite@gmail.com
Mia Harris,Sheet Metal Worker,miaharris@gmail.com
Mia Walker,Boilermaker,miawalker@gmail.com
Ava Johnson,Petroleum Engineer,avajohnson@gmail.com
Isabella Thompson,Power Plant Operator,isabellathompson@gmail.com
Benjamin Green,Foundry Worker,benjamingreen@gmail.com
Chloe Johnson,Lathe Operator,chloejohnson@gmail.com
Emily Turner,Forestry Worker,emilyturner@gmail.com
Ethan Harris,Mining Engineer,ethanharris@gmail.com
Grace Wilson,Smelter,gracewilson@gmail.com
Daniel Brown,Textile Machine Operator,danielbrown@gmail.com
Sophia Jackson,Assembler,sophiajackson@gmail.com
Noah Evans,Grinder,noahevans@gmail.com
Ava Anderson,Metal Fabricator,avaanderson@gmail.com
Jacob Martinez,Toolmaker,jacobmartinez@gmail.com
Olivia Adams,Electrician,oliviaadams@gmail.com
Mia Clark,Pipefitter,miabrown@gmail.com
Benjamin Thompson,Driller,benjaminthompson@gmail.com
Lily Harris,Heavy Equipment Operator,lilyharris@gmail.com
Ethan Turner,Woodworker,ethanturner@gmail.com
John Wick,Auditor,johnwick@gmail.com